"","2010","2011"
"A",10976758311.7953,11782195195.5504
"AA",12113554923.9112,12086591469.2295
"AAP",3619847173.34208,4282316550.22646
"AAPL",236620012867.778,361585313422.775
"AAWW",1320455301.49956,1092373953.08308
"ABB",38692542277.5404,44062010185.5156
"ABC",7324737453.54977,8934980700.77562
"ABFS",612202359.641026,484865465.560506
"ABG",399332355.192615,564981517.954612
"ABT",74645370812.2196,80092266153.5965
"ABV",301782529680.177,100502373477.125
"ABX",42596959283.001,49840137760.9858
"ACAS",1538678155.74549,2441608037.95555
"ACC",2738319856.62997,3915364629.72898
"ACE",16968358900.2304,21041367657.1755
"ACGL",9980501679.86284,4470531366.65897
"ACH",10794236733.7384,8009346354.07477
"ACI",4514406781.35488,3849982736.75155
"ACM",2712058025.64926,2137341544.13865
"ACN",24376745729.358,34203737232.5731
"ACOR",1386448784.65068,943486325.046154
"ACTG",730496822.725109,1972997833.41222
"ACXM",1226557122.2555,786088991.026325
"ADBE",15861313594.2973,12237665284.17
"ADI",8642302651.55035,9832034809.56179
"ADM",16758598612.0071,17812830355.7035
"ADP",19892900158.8998,23469961230.1086
"ADS",3466386649.06441,4546691238.47554
"ADSK",6464638906.63393,6287282758.23845
"ADTN",1671937699.71762,1828675862.64066
"AEC",653491902.892906,812033577.278594
"AEE",5894399917.47134,7074302208.11758
"AEG",10871745249.2188,8160259142.90526
"AEIS",463248381.539959,356312936.873162
"AEL",565954678.123469,576815826.540486
"AEM",10131848169.3773,11011641502.4082
"AEO",2695041157.41001,2260355871.86249
"AEP",15412498495.4772,18114396921.58
"AER",1408788549.79658,1254641561.47167
"AES",7320914738.52857,7714837874.36136
"AET",9821585711.27168,12676465611.9819
"AF",1422816833.94631,875545396.891335
"AFFX",451858780.399959,361831877.639145
"AFFY",835380922.942837,170519873.65
"AFG",2477157714.84651,2884475983.13665
"AFL",20266387121.5744,16968669512.6261
"AGN",17815750631.6612,23815640499.6142
"AGNC",8896901841.84174,9607379012.2872
"AGO",2960818183.74803,2247116028.41498
"AGU",8021948709.33839,11801158086.7555
"AHL",1782931442.67826,1683249806.89278
"AHT",516170923.507261,504847706.972258
"AIG",52429917055.304,34619280233.7606
"AIN",613932294.908875,619884889.904988
"AINV",2096652272.02605,1657179414.82
"AIR",762115976.705992,798563516.81848
"AIT",1144609999.522,1190641844.74752
"AIV",2964091150.85721,3563557707.90741
"AIZ",2731248522.98434,2702265140.42573
"AJG",3061563137.01431,3358539878.14182
"AKAM",7168494402.96793,3843219542.84042
"AKR",894759589.423983,1004393940.88649
"AKRX",272593763.100196,768779102.103932
"AKS",1559015653.89551,881935394.335767
"ALB",3695651180.56501,4258498284.03633
"ALE",1302206506.05286,1415838630.56719
"ALGN",1230606711.28888,1402797144.72357
"ALK",3289564679.99417,3978276798.39911
"ALKS",1489623930.82306,2048470348.8694
"ALL",14515398378.8175,11914954500.3601
"ALSK",378288480.68052,320492259.379829
"ALTR",7498872527.43611,11353259459.1867
"ALU",5676545615.62202,7271498430.04998
"ALV",4528001779.60132,4980776421.86311
"ALXN",9833607808.5698,11405524655.919
"AM",722473561.645087,612442481.286498
"AMAT",15251830256.4102,13272574389.7436
"AMCC",695755334.864197,359684271.82359
"AMD",5886529330.43186,4363714375.79187
"AME",9936590049.18244,8866870166.88396
"AMED",1490804744.54933,476238080.92
"AMG",3665182636.85065,4306150810.40885
"AMGN",41003091922.4313,41609576772.7426
"AMKR",988598033.301803,679864717.618633
"AMP",8150150744.01148,8730672426.98083
"AMSC",1636782894.53113,299450079.031453
"AMT",16207645386.1601,20780826552.2132
"AMTD",9801217235.48907,8083557996.31657
"AMX",181271067815.764,88516753239.6609
"AMZN",56153822354.0475,96389755240.1339
"AN",2419365689.56501,4432576012.57314
"ANF",2853564966.46873,5115085515.40841
"ANH",952230975.792379,982838338.995247
"ANN",1002662319.93408,1097685593.21488
"ANR",7848172905.87627,6003057713.66859
"ANSS",4020044053.74511,4653211514.75692
"ANV",1689922359.89339,3557616261.60595
"AOI",380323501.406666,252163931.009298
"AOS",2155817192.48242,1649110807.90066
"APA",35151038106.4184,37046782408.3549
"APC",24872743893.9905,34709228084.7096
"APD",14503387502.0363,16956439040.2865
"APH",6689805934.29913,6997331677.24578
"APKT",1801152108.4957,3118549633.90427
"APL",549465512.534164,1622779996.91542
"APOL",5970705377.94659,4994756311.1323
"ARAY",445951312.358342,328181205.406154
"ARE",4123198605.16776,4229773799.39182
"ARG",4858454684.57063,4969359086.44912
"ARIA",613105152.38977,1570897922.25333
"ARMH",5016377603.12559,12154584396.4722
"ARNA",653194353.271144,297974332.661282
"ARO",2207836285.75793,879875946.399042
"ARRS",1240444410.33049,1195952840.03667
"ARUN",1450958858.49704,2324509484.69231
"ARW",2799426369.59833,3197217719.21207
"ASBC",2294814575.14183,1766483810.59539
"ASCA",598789223.59278,588606328.19094
"ASH",4112683252.82091,3863313376.21069
"ASIA",1517866111.83838,704420807.612307
"ASML",10752366105.4927,13200608097.5622
"ASX",6215832695.82402,6755974973.56466
"ATHN",916958885.175472,2128950017.62
"ATI",5454681714.81861,4686186919.25198
"ATK",2273308397.75142,1889171644.8757
"ATML",2219318356.43358,4060148160.19973
"ATO",2459276499.40955,2918492095.49751
"ATR",2601563348.42834,3152563880.68973
"ATSG",337534438.287684,317204171.029231
"ATU",1464582050.44801,1427534156.4719
"ATVI",11751833796.2963,12920567847.1795
"ATW",1754008845.62928,2523738207.53481
"AU",1608311246559.64,1705320697385.46
"AUO",8331824316.20845,3819586079.43604
"AUXL",1467118336.67027,765762371.212821
"AUY",8016775158.33335,11349677225.9423
"AVA",1166298827.90294,1433193992.16013
"AVB",9429655366.80947,12280214398.533
"AVNR",340619902.273373,394007802.029231
"AVP",11538026068.547,9143871297.18298
"AVT",3780785899.52091,3656559121.28632
"AVX",2331543638.15166,2065073910.29666
"AVY",3355112078.35731,2673114951.55755
"AWH",1560046520.88804,1854035079.78265
"AWI",2083475478.92721,2168695221.79952
"AWK",3582907510.58652,5140932506.27428
"AXE",1532673397.70539,1699359479.20433
"AXL",647010397.08548,631958408.278489
"AXP",44184696995.2515,52290965373.871
"AXS",3669798651.18148,3349089658.30932
"AXTI",140317126.514372,215098683.333333
"AYI",1686990753.47931,1713256624.52157
"AYR",662262766.15155,748787472.298986
"AZK",801759023.170056,1009947950.36613
"AZN",52358198161.3804,55856235197.7283
"AZO",6828611679.44068,11212549664.2168
"B",1005610126.6977,1146211806.77349
"BA",48193505218.8465,46809035028.0955
"BAC",168697486741.912,75085428722.052
"BAK",4643107243.38639,7731790293.89439
"BAM",14728456433.289,17365447096.8843
"BAP",6897002163.00277,7525040049.75018
"BAS",319177069.709254,777022505.604643
"BAX",22961930962.2928,29808353694.4193
"BBBY",9944870641.65914,12680399934.5456
"BBD",62547244112.8536,63104571280.0672
"BBG",1543169983.00125,2030373520.08018
"BBL",141484482499.346,163167297838.389
"BBT",21366221051.8502,14943642314.2609
"BBY",13786798139.3854,8284298694.43865
"BC",1574505105.02559,1373447392.29776
"BCE",23080153527.7365,29683590010.267
"BCO",1063722724.87553,1163873572.35437
"BCR",6633564819.87228,7360090472.81725
"BCS",51174950889.2191,31376704057.592
"BDC",1129505579.90385,1265256117.22261
"BDN",1634043520.85741,1268151225.79028
"BDX",14068848395.422,15113661090.7593
"BEAV",2727994167.63616,3415246955.38581
"BEBE",568287636.533713,565421764.721367
"BECN",955944647.100971,810234972.345634
"BEE",922482893.065783,941371539.836301
"BEN",20629636832.4147,23193822016.6173
"BG",7163741026.65957,8880078577.60367
"BGC",1482948838.92205,1337712803.23118
"BGCP",907952439.676376,984168699.252308
"BGG",999335184.0983,695402082.834522
"BGS",558740815.506809,902845270.511544
"BHE",1009065482.25268,739885786.102393
"BHI",17793148166.6123,24628403573.047
"BHP",167199273618.675,203723563194.19
"BID",2094810532.96099,2303046282.16251
"BIDU",25105973814.2172,46934372482.3093
"BIG",2033958997.08692,1896402155.50304
"BIIB",11481825862.3825,22191546101.9778
"BJRI",651048971.081518,1241403374.34308
"BK",31873063718.8011,23263555559.3506
"BKCC",758132482.084758,595992453.51
"BKD",2132661109.45035,1763713697.5648
"BKE",1634299887.90751,1838781948.16822
"BKH",1272659136.85061,1329433101.10138
"BKI",458660138.003322,998729079.459357
"BKS",1108745296.75997,729699483.146194
"BLC",725313140.399788,547864682.304422
"BLK",28120360583.7208,26677176318.5133
"BLL",7698926038.9863,5214283995.75492
"BLT",532146535.882444,719280190.724817
"BMC",5681842084.51281,6115917087.37659
"BMO",37811118912.8761,38055270261.0537
"BMR",2524399467.61135,2618930666.02642
"BMRN",2400114555.67331,3646513838.9412
"BMS",2943526602.04309,3085961854.54198
"BMY",38580109074.909,49153781119.0278
"BNS",55792799898.8059,61474575776.0495
"BOBE",787463676.400481,844069913.984615
"BOH",2137309275.31246,1750468787.58522
"BP",128734408737.892,121200316453.339
"BPFH",546519701.543658,473105462.850256
"BPO",7240443758.15808,7928698459.67697
"BPOP",304913253.756587,185503464.552136
"BPZ",563349220.545032,356282155.13621
"BR",2391503350.20183,2515296923.47669
"BRC",1495604398.04193,1389462299.17295
"BRCD",2512086886.62547,1815997388.88333
"BRCM",18666173913.9601,19310151748.1026
"BRE",3047145669.4977,3551269145.9002
"BRKL",694021671.226995,553644053.864103
"BRKR",2083411536.46826,2247254067.21829
"BRKS",516591813.139759,555684301.189744
"BRO",2782131367.13591,2748260141.35033
"BRS",1160828841.2832,1514103198.04696
"BRY",1643165129.52711,2387593198.80414
"BSX",8348952441.00853,8461318867.07255
"BTE",3607115700.71738,5648724518.60532
"BTI",58325933222.9944,85444225644.7237
"BTU",10198933699.4102,11526323846.6826
"BVN",9176149026.6277,10921231144.2598
"BWA",4340680637.8501,7750996594.12065
"BWLD",682150965.016024,1120017426.3053
"BWP",6398308884.74379,5841014221.92723
"BWS",700725617.239229,323607495.211399
"BX",5616826033.71873,6728658734.00713
"BXP",11358144609.1384,14609961080.9604
"BXS",1841344055.15386,963254764.980703
"BYD",1065252389.76929,495433357.333159
"BYI",1666102033.11219,1212036891.19692
"BZ",567592951.129739,572024037.30609
"BZH",117433568.215896,42207206.2586034
"C",11265064145.0617,82182589176.2392
"CA",9126522573.60186,9291385569.63889
"CAB",1146476517.55839,1563528966.47017
"CAG",9883661676.07709,9718231200.81537
"CAH",11531124302.7329,14021875033.7349
"CAJ",47254005628.3873,52160492724.9876
"CAKE",1331876377.88854,1392928349.9959
"CAM",8673540284.00108,11679653228.0928
"CASY",1393946826.05661,1687351322.76205
"CAT",39223132077.9764,54211013663.2176
"CATM",547610785.009818,1020573678.66
"CATY",886069371.321855,944574469.326923
"CAVM",1313208633.92328,1525378425.84
"CB",13148852309.5247,15694460305.8075
"CBB",630642088.515481,622991014.561852
"CBD",16223834225.1936,9556114837.08671
"CBG",4881287796.66182,4774463994.5389
"CBI",1790532403.14353,3124423662.0586
"CBL",2256584019.48365,2187529531.59585
"CBR",220922872.970135,236336211.136087
"CBRL",1163905930.91216,969065586.346838
"CBS",9108928534.43084,14573911668.3349
"CBSH",3397818848.17584,3372975906.1894
"CBST",1359178589.23948,2183222155.78127
"CBT",1732566573.71041,1915336043.39015
"CBU",900224323.868191,928181616.647273
"CCC",825310409.996545,860290072.649019
"CCE",7377680901.29944,7449238732.73577
"CCI",10576293760.9093,12104262802.435
"CCJ",9408852989.53352,8362236466.95144
"CCK",3414900622.24133,4745083265.66561
"CCL",27989541973.4094,24504381015.5472
"CCOI",404936372.184766,626143722.999487
"CDE",1352871918.81919,2289724188.22476
"CDNS",1821768848.71341,2577665905.09778
"CE",4404406606.54038,6474853847.64461
"CECO",1882688316.75838,1041879986.75726
"CEDC",1806279405.81487,468159155.644445
"CEF",3776587182.54564,6004381294.99889
"CEL",2654444454.46034,2109535986.71896
"CELG",22963842716.5522,25229286745.5529
"CENTA",450841703.878972,366902795.203419
"CENX",887663109.373153,918038317.570085
"CEO",70230015134.4634,79503837380.127
"CERN",14101503232.6865,11061462027.8503
"CETV",1829220451.40738,837868285.237094
"CF",4158284248.11646,10132739621.2136
"CFR",3347875448.69386,2959077979.34376
"CHD",9227918855.46477,5938471862.35892
"CHH",1914405568.28757,1705344235.56777
"CHK",14511482318.3742,18950133808.8696
"CHKP",6290726531.60168,10973787287.7093
"CHL",190520150352.149,197820297316.822
"CHRW",9258638269.78819,10962666975.8423
"CHS",1975578891.39829,2078381840.28462
"CHU",27746233323.0498,47365252424.852
"CI",9567195069.35357,12530672168.367
"CIB",9986339667.73652,12995641344.7377
"CIEN",1532458169.64815,1224458213.52957
"CIG",12057277117.7802,14267722380.9512
"CIM",3991570394.52701,3032981161.82126
"CINF",4384288066.38747,4303920005.62334
"CISG",1234749796.59802,483183640.983077
"CIT",7282924106.95568,6556443090.90084
"CL",37490246202.981,41749916386.7805
"CLB",6376651504.12701,4828149368.59445
"CLC",1772995937.11138,2151388247.7463
"CLF",7388594955.18103,9933198759.09348
"CLH",3394839121.27173,2757413578.36831
"CLI",2794746102.65603,2521906466.50148
"CLNE",1336209782.14488,1075168929.76795
"CLP",1270897626.5488,1700714002.64394
"CLR",8410411196.94964,9665786276.86135
"CLS",1834405195.38435,1621303174.55183
"CLWR",5477218641.5296,1621601965.92898
"CLX",8282636238.32796,8772929587.97083
"CM",27852196617.1932,29445796130.037
"CMA",7276161649.71541,4616087045.7475
"CMC",1743560533.31118,1266262057.76751
"CMCSA",47140876182.3362,57017829067.3504
"CMCSK",44911122832.0923,56242270259.6581
"CME",104103634737.817,85878314792.1672
"CMG",4440380404.90088,9724624781.52478
"CMI",12682308364.5062,16904510032.959
"CMO",1095929420.01657,1233097145.10203
"CMP",2504408169.95894,2402007145.80588
"CMS",3888945759.66239,5090590577.0707
"CMTL",518649111.999804,480203972.636154
"CNA",6874280289.58992,6236103167.48699
"CNC",1164109661.16409,1527619757.20907
"CNH",6028935346.80334,7059430426.61977
"CNI",24786911153.3527,30053726854.3069
"CNK",1781180836.44878,2226424590.09845
"CNL",1590317691.62779,2066296813.38728
"CNO",1212207351.89481,1322074416.13862
"CNP",5748405337.25077,8290265022.50332
"CNQR",2261266695.68962,2125184076.67293
"CNS",1035161194.20573,1467967908.81724
"CNW",1827192730.42951,1374051469.88908
"CNX",8225100197.08608,9193997127.58424
"COCO",1156476397.18247,183418935.390086
"COF",23618240835.742,24507925798.8508
"COG",7055467289.54369,14374579538.6888
"COH",11352833656.1261,15567903195.0844
"COL",8113763902.31082,7045552520.44942
"COLB",837051014.084453,615886983.931921
"COO",1764576965.17931,3598550706.62204
"COP",62539451811.2533,79002588568.4241
"COST",25007688089.8489,34450195468.8379
"COV",19889685972.0177,22518641604.5208
"CP",9460279549.20531,9305828522.51454
"CPA",2206539304.92622,2876276849.14247
"CPB",11259369074.3421,9909106252.31267
"CPE",221688430.892151,199823006.003864
"CPHD",1173565977.22222,2379681779.26667
"CPL",29427872524.1563,11864227776.982
"CPN",6223679617.27525,6620704658.07721
"CPRT",4488317196.42606,5029582057.54846
"CPST",337530058.94302,336273878.510769
"CPT",3803702374.39859,5152485461.99846
"CPWR",1688514522.94587,1713565102.35077
"CQB",587556836.38258,426383181.670978
"CR",1815198215.77879,2210234149.66109
"CREE",7674330074.6225,3522439237.81316
"CRI",1809997884.73677,1821888763.11643
"CRK",1450323253.58563,947306963.255961
"CRL",1600450461.86368,1500098388.79891
"CRM",12236866795.9164,17667785995.3475
"CROX",899304965.419226,2424385113.75299
"CRR",1543212183.0111,3115349215.86177
"CRS",1941458414.56567,2509997705.70065
"CRUS",896645751.505099,976279933.407693
"CRZO",712832483.145299,1059148207.42359
"CS",50026013028.7917,34486345065.5999
"CSC",7601342390.49462,4481856182.21157
"CSCO",124276179335.47,83798171546.1539
"CSE",923880231.777854,1297964817.30757
"CSGS",645691874.946679,421985085.779487
"CSH",1048216537.87659,1575789872.30852
"CSIQ",494124663.265345,237752332.186923
"CSL",2423587496.41894,2230509137.43837
"CSTR",1589819844.67776,1306129057.2812
"CSX",53090099229.8195,21251588485.6579
"CTAS",3168426757.84592,3652942947.9406
"CTB",1184720083.84811,718788274.747521
"CTCM",2273802087.27786,2123227762.09026
"CTCT",663810517.597515,535744312.346667
"CTL",21209326848.172,21158258652.3142
"CTRP",5015286133.42491,4970849088.0765
"CTSH",14899515168.6241,18967946257.3963
"CTXS",8203715171.77741,10676887497.239
"CUZ",781293395.951037,674377062.015566
"CVA",2007487216.92748,1981108992.90511
"CVBF",1023122709.54226,856160972.142051
"CVC",6312865623.15446,4582189793.62114
"CVD",2871994687.65337,2659036775.53685
"CVG",1177556154.70969,1072928795.37458
"CVH",2800106093.83523,4099266674.43205
"CVI",661846795.826283,2149020915.37157
"CVLT",1023889357.49631,1656482552.77231
"CVO",447110187.386659,235929463.204622
"CVS",42198642929.976,43188104331.019
"CVX",144262272109.118,187131802453.118
"CW",1509651728.47827,1343799036.26029
"CX",11826117836.6314,5054693891.26696
"CXO",5410600309.99515,8416525764.02141
"CXW",1996933844.09456,2199000994.0882
"CY",1596551502.03889,2364540294.17709
"CYH",3473097304.4308,1658514496.77878
"CYMI",954395122.834681,1249831754.23248
"CYN",3050056631.63181,2223317979.32473
"CYT",1887042507.2767,1852578042.31603
"CZZ",2280413765.31932,2825861385.70363
"D",22800504386.3529,28185821118.4904
"DAL",11529773526.0685,6413991420.76113
"DAN",1592243241.84851,1783663406.9411
"DAR",939641737.296234,1721571681.52728
"DB",54107639258.5539,34774009800.567
"DBD",1819861517.48203,1744095389.23888
"DCI",6308066031.17808,8061473348.45688
"DCT",1280670515.84934,1191691724.0694
"DCTH",1037227911.36514,276478379.871732
"DD",33479996244.8233,41723791527.906
"DDR",3386483513.18546,3467878726.04666
"DDS",1263696499.11939,2160624228.49872
"DE",22275284870.188,28146457321.1729
"DECK",4930583866.4331,3247877957.90393
"DEI",2138846682.01397,2461725311.59173
"DELL",23691767210.8262,25693583723.5898
"DEO",38695434263.7473,48132672862.3961
"DF",1943315028.5902,1609317037.16021
"DFS",6617433886.0493,12070865446.6741
"DFT",1539387494.35131,1342914711.72045
"DGIT",1123474745.84763,540179199.881539
"DGX",8359962164.28298,7709816274.20676
"DHI",3838706610.80089,3071286538.75514
"DHR",55125620686.3827,30076394301.1843
"DIN",590223879.287248,736513940.082161
"DIOD",876285262.423366,865576533.179145
"DIS",59172430666.4468,57035947286.9125
"DISCA",13800274205.8547,14477467200.2051
"DISCK",11603074566.8157,13549907383.4872
"DISH",9524312925.10352,11175960121.1851
"DKS",3391446863.36006,4120934913.4042
"DLB",6585809046.76748,3185274750.32427
"DLR",7045248881.98222,6933556875.18863
"DLTR",13970073157.3438,16321777183.977
"DLX",1055196467.37834,1046180965.17163
"DMND",876989493.995446,1685061881.35111
"DNB",3237820861.65417,2861978379.31159
"DNDN",6226639022.26894,1632669125.05
"DNR",6258126688.02065,5426983207.31664
"DO",8980285250.82568,8347526808.64537
"DOV",8024793632.86356,9306231242.11582
"DOW",31410631290.7253,31959188407.8749
"DOX",4683948904.46647,4451729595.93107
"DPS",7738633144.69275,7765096666.68897
"DPZ",732594162.466,1528557013.61624
"DRC",2426109612.57041,3173609531.76872
"DRE",3261520407.84771,3013986479.16305
"DRH",1766688505.11796,1459608395.77435
"DRI",5512277856.371,5920269789.58058
"DRIV",867748337.66667,683194378.69994
"DRQ",1991620669.14231,2380906820.33875
"DRYS",1886616511.20228,1135343117.53846
"DST",1698414235.05899,2031993013.07049
"DSW",1223787000.56931,2052060201.28636
"DSX",1060580888.68818,665242153.177935
"DTE",7830718226.97963,8407426225.28942
"DTV",22866170069.9088,26069876800.6934
"DUK",11309161578.3227,13363565172.9754
"DV",3725039623.77255,2701846032.62472
"DVA",5996906160.47327,6710820424.32166
"DVAX",316448994.912652,390770962.538205
"DVN",25812250115.3847,25576939656.3639
"DVR",524450816.730373,247584192.824169
"DWA",2624439745.24169,1619597250.93231
"DXCM",701376427.999513,812735752.111111
"DY",299736198.055292,522550310.209362
"DYN",368138968.148227,443666800.959323
"E",67683176190.8009,67452272063.5831
"EAT",1265844971.6216,1602694348.17569
"EBAY",27951663078.4273,39219334638.9744
"EBIX",551208004.975226,590969907.664957
"EBR",16500668882.0333,13204062485.134
"ECA",23121735236.3557,16818534311.2248
"ECL",13681195916.9658,14529798075.8859
"ED",12538003784.7065,16287143344.1181
"EDE",773703492.016107,831712669.240505
"EDR",703543159.980469,985253011.861867
"EDU",14161930998.0959,7465879918.39346
"EE",801441688.160558,1314899482.97107
"EEP",14754945011.2191,8394530304.23865
"EFX",3591660865.7372,3719380532.22146
"EGN",3229766714.5413,3293249946.26047
"EGO",12025504556.6085,13498874239.0167
"EGP",1060967744.42423,1119589872.1928
"EGY",307142066.287455,334370197.136196
"EIG",466723848.410988,380613102.995716
"EIX",10514813098.6302,11901344317.2078
"EL",22538708546.6734,36558027797.9199
"ELN",3297782864.73685,5973030802.36407
"ELNK",888837380.39145,734767736.654872
"ELP",5088525411.39082,5650915720.88713
"ELS",2082059740.48398,2696014917.30296
"ELX",958203546.047694,609716023.806387
"ELY",582756409.539519,393709223.101588
"EMC",38590424100.9523,46220227747.6089
"EME",1642500297.96093,1439859758.3572
"EMKR",27104242.6934035,38023301.8191453
"EMN",9150448746.09578,10809183410.0185
"EMR",33316574989.0385,32179339082.4787
"ENB",36256370381.0568,25438214568.6095
"END",60348175.9964207,395204347.730423
"ENDP",2388856217.57688,3449711610.65043
"ENH",1577653342.71127,1518989900.35101
"ENI",12338826995.6302,12184047941.0613
"ENOC",747983562.568121,286356679.713435
"ENR",3441496357.15625,4428980540.69877
"ENS",1135591198.03406,1039173888.14001
"ENTG",682802687.830178,999078991.972136
"ENTR",443259727.517974,381552617.43547
"EOG",27891529619.796,23137477106.0025
"EPB",5992403758.83655,7691334412.18029
"EPD",29462868108.7483,36606517531.7738
"EPR",1875584682.75821,1861315963.16585
"EQIX",4394087780.84371,4388859832.01334
"EQR",14034925527.3033,18186277194.5587
"EQT",5818293264.20509,8476750598.14538
"EQY",2018021320.01116,1984166831.62023
"ERF",4313306998.41856,5295940838.80218
"ERIC",32639777657.6202,33739585535.3846
"ERJ",3890132080.43463,4492675826.9483
"ES",569985099.400219,307657778.485038
"ESI",2395408852.06135,1590660953.3421
"ESL",1581252986.17022,1900340290.15634
"ESRX",76193726190.4939,35448171712.4
"ESS",3781500226.21937,4846051132.80034
"ESV",8684642342.61064,10465359093.9296
"ETE",8420318521.17959,10350344420.7171
"ETH",547799394.407923,445942055.399759
"ETN",23481740751.1447,13300642557.9404
"ETP",13102129499.0133,12996724215.6635
"ETR",13217522129.7567,11379204460.24
"EV",3413297088.27534,2585243644.94074
"EVR",893263736.897881,692097977.827976
"EWBC",2274892383.99863,2206606059.79573
"EXC",33307760272.1107,36099475056.3293
"EXEL",948386940.21671,1180497280.89231
"EXH",1570414471.23793,655359486.388625
"EXP",1438568714.04393,883585470.807284
"EXPD",7948383354.85677,8951332594.84616
"EXPE",2888212685.60815,3812524203.1829
"EXR",1520111185.69388,2091792200.0609
"EXXI",1163193415.8663,1927762010.57778
"EZPW",932004660.915587,1595489132.12897
"F",43602233571.2249,39984696672.8203
"FAF",2760164117.89727,1475900376.80831
"FAST",14988971217.193,9801231022.78018
"FBR",8034348942.79103,4582513096.36587
"FCEL",409552402.98726,202724358.168889
"FCF",565075850.540829,426196362.663002
"FCH",794752934.74218,333668253.650854
"FCN",1654812000.57094,1446299663.32821
"FCS",1231848799.05247,1595905905.32065
"FCX",62647121347.923,38401194751.8647
"FDO",4621489487.35511,5895751728.33924
"FDP",1182279513.55557,1354349806.23248
"FDS",3045940339.3624,3845411781.47164
"FDX",25714503917.7788,23469175892.8215
"FE",14805066051.375,18147501850.8478
"FEIC",782208056.725784,1161532202.49419
"FFBC",941821679.681941,874639097.903846
"FFIV",5417597938.38141,6210271151.46667
"FHN",3076952496.9921,1635005471.45833
"FIG",880688177.800139,723926375.202881
"FII",2228247509.47661,1755150005.9599
"FINL",787667313.296296,996851856.405555
"FIRE",575832870.898321,818942655.167949
"FIS",7956551334.17653,7715571280.77394
"FISV",6313816632.94728,7124640429.77692
"FITB",11606232428.0166,9205365982.81341
"FL",2120903921.44161,3027461097.32063
"FLEX",4327213588.60861,3759281839.71572
"FLIR",4225248431.65133,3771752932.06445
"FLO",3515045731.76749,2659814158.13593
"FLR",7654126700.69783,9213840974.12104
"FLS",4658592444.68204,4227200948.05234
"FMBI",1032667230.55238,627169584.209915
"FMC",8240351433.58759,9979022095.02927
"FMCN",1994697742.48038,3558371313.60428
"FMER",2011341703.42544,1314457242.03205
"FMX",15307546361.4716,23757464221.5765
"FNB",1156596258.24038,1205081061.02759
"FNF",3123653831.61489,3513797697.19765
"FNFG",4521556175.48385,3515742932.03419
"FNSR",1332362785.31192,1685119505.13333
"FOE",746835016.686918,647486308.629661
"FORM",676852502.404116,392102950.544188
"FOSL",2227663018.30599,5505382105.09385
"FPO",740380982.288399,651229827.537774
"FR",623391874.25102,841851006.665098
"FRED",480128146.644511,408212740.556923
"FRO",2503003251.97436,490077758.157191
"FRT",4651152827.85857,5482233461.23703
"FRX",6878349382.61868,8724050154.93485
"FSLR",9566853238.28632,7349154285.44692
"FSP",1008957213.97199,987620127.68216
"FST",3099976019.14017,1972676469.40743
"FTE",49527251044.2076,45917317043.6894
"FTI",13099554651.9286,9749600251.97161
"FTR",7878528990.58497,6702918969.90604
"FUL",1043217297.21283,992255364.357411
"FULT",1961577049.77106,1671063928.0718
"FWLT",2546124910.07893,2286050099.50119
"G",3692662039.73741,3489252204.35323
"GA",1688525544.2179,1395318403.58842
"GAS",4776622702.29609,6370128962.92495
"GBCI",1159583166.97863,766043834.949744
"GBG",937557184.861478,1078336604.6138
"GBX",361836209.930868,387669761.878855
"GCI",3440059154.3913,2343319769.89278
"GCO",717572407.889856,1198749384.51294
"GD",23597391093.3355,21185397311.059
"GDI",2227202679.58811,3497255752.38001
"GDP",479797051.719512,531833374.834715
"GE",170494171893.446,164514697076.752
"GEO",1257403907.59367,1204096144.99673
"GERN",685971437.116826,322670653.855726
"GES",3058555156.57187,2682488715.27799
"GFA",2495208039.49547,1704285443.33316
"GFF",691947404.155084,469845470.890371
"GFI",9735824784.34307,11791824740.1704
"GFIG",691867803.528351,498639901.552771
"GG",34938168952.4454,40288481709.8632
"GGB",22329824799.5006,13522065063.2389
"GGC",574384639.780899,604688913.889874
"GGG",1903565511.04625,2227072695.99869
"GHL",1934772620.5586,946450929.815329
"GIL",3565282775.19361,3213968645.79257
"GILD",27216877923.2016,29367985492.2885
"GIS",44534587250.0557,24273584910.6559
"GLDD",341672243.624112,273759207.84
"GLNG",907525544.090459,2570371999.93351
"GLT",495234255.884835,579158843.184446
"GLW",25312371427.7305,20381697231.2547
"GMCR",3889785542.4169,14794237667.1436
"GME",2633680761.72646,2779026060.63365
"GMO",321405377.31297,315482684.166314
"GMT",1335436258.62095,1558047283.89751
"GMXR",42197551.8029204,15512728.0892339
"GNK",784111032.051813,292691697.183031
"GNTX",2795553209.3574,3546878711.26068
"GNW",7313593681.84856,2958890325.94972
"GOL",3199536223.13392,1855012620.97136
"GOLD",7925213482.33428,9546093691.11581
"GOOG",160355496123.295,175333929026.059
"GPC",6215074111.89486,8015735487.36725
"GPI",593217984.747723,833142901.673083
"GPK",1252008225.03233,1530060262.4726
"GPN",3270633978.72721,3390674947.57573
"GPOR",704513555.493524,1464561892.26188
"GPS",10443903656.5059,7932317377.10382
"GRA",1842799583.50593,2791214246.8879
"GRMN",6413139280.81838,6273931062.98487
"GRT",928309847.260909,1137037250.25719
"GS",68353318158.05,51688823067.0268
"GSK",81955767963.8628,101367783868.38
"GSS",1084030334.26742,571005346.283854
"GT",2849443480.4131,2797577630.01581
"GTE",1434016135.589,1583388202.95789
"GTI",2140147499.11937,1933153108.43832
"GTIV",836277011.235755,193138717.950256
"GTLS",534269739.088809,1390584847.91368
"GTY",724808386.438717,567639650.599219
"GVA",1138114295.20326,746486983.284204
"GWR",1651886505.59712,2299038424.55523
"GWW",7098017838.7112,10250267169.5023
"GXP",2670708468.08085,2908178727.66658
"HA",356418039.035796,214494325.560299
"HAIN",1002817920.65601,1405141692.57964
"HAL",23210189569.7277,36284957680.0361
"HALO",770754326.899397,709703431.080342
"HAR",2165242619.99276,2211430533.07134
"HAS",5176721538.71684,4653474487.89954
"HBAN",5144961542.70372,4228572287.17745
"HBC",176474200341.88,158797338826.787
"HBHC",3164079346.45986,2411602384.42154
"HBI",2645560190.60675,2598901471.24162
"HCBK",6345205754.65611,2953732382.76924
"HCC",2480233267.124,2734486315.69707
"HCN",10926651690.6521,12415633179.9323
"HCP",14173434760.247,15821355533.5878
"HCSG",1372491266.61392,1031023470.69444
"HD",50094480547.9397,49284431137.3772
"HDB",646655797439.341,146081055389.395
"HE",2149051507.67969,2299487615.23001
"HEK",812281042.832631,869320372.519254
"HERO",459579208.305097,561841993.938718
"HES",17740187382.9322,19157974777.3081
"HGG",957477766.595915,374804805.37749
"HHS",839394207.563668,504748826.285861
"HI",1476586286.1798,1201809279.93761
"HIBB",665980773.439426,914145161.55
"HIG",10642379972.2782,7819659847.8712
"HIW",2309736631.60264,2328383223.73776
"HL",1532924074.33523,1957066546.04354
"HLF",4851559622.35983,5928836443.92618
"HLIT",658472642.053464,550850173.356239
"HLS",1881194735.03948,1724183224.52888
"HLX",1187413984.27982,1607156798.35191
"HMA",2285414855.78825,1876710304.35247
"HMC",55150889372.9514,56362805273.9196
"HME",2403379446.51604,3100292053.03622
"HMIN",1661340231.42331,1542808803.33504
"HMN",589523937.989043,486752422.791956
"HMSY",4650440728.144,2837060656.26461
"HMY",4178777797.0761,5564542240.40963
"HNI",1311083338.0738,842673351.770045
"HNR",304432073.88261,407627572.932241
"HNSN",134337563.596137,210351026.248718
"HNT",1981362823.8125,1926133542.82853
"HNZ",14468891807.1887,16340895939.362
"HOG",6691568291.10215,8085538002.13561
"HOLX",3978441384.87046,4238043331.0247
"HON",33183906744.4789,35579355101.3114
"HOS",573476880.315666,886776721.510259
"HOT",8943536664.23725,8302220342.80176
"HOTT",240430051.632647,327678835.779458
"HOV",774268965.309342,188917254.41104
"HP",3899468032.97743,5381993316.54008
"HPQ",90466236805.5559,50080489066.6668
"HPT",2756128318.26633,2726536280.35811
"HPY",609847021.980398,765000624.756142
"HR",1930168303.1757,1475344479.03929
"HRB",4369947272.65271,3741696276.86593
"HRC",1746554006.34119,1818481860.30652
"HRL",10672691478.7921,7255550922.50211
"HRS",5293966621.71499,4212833253.40842
"HSC",2124677219.18014,1726495915.03867
"HSIC",4906004898.10992,5539035066.61077
"HSNI",1385937255.35278,1757263565.70513
"HSP",8492991264.88242,6855594519.44443
"HST",10261262909.8325,8269177660.92461
"HSY",10722888973.5069,12866467581.674
"HT",930270197.552054,734572988.350616
"HTLD",1322716040.32461,1193502504.65299
"HTS",2678657508.98489,2602810579.17081
"HTZ",4488000370.33166,4294081105.03174
"HUBG",1162352332.52761,1119707915.31154
"HUM",7294211284.29257,11667406890.7459
"HUN",2248184879.48011,2802299998.28313
"HXL",1569071050.76517,2115121721.11183
"IACI",2007939914.82398,3433293188.92308
"IAG",6447905618.97577,7665798985.5234
"IBKC",1630137983.05933,1376864861.22
"IBKR",800350545.833224,683221058.7
"IBM",142522456218.661,193450366071.111
"IBN",20887334485.5331,21555695754.6896
"ICE",8467363337.41507,8499846758.01066
"ICLR",1635506731.62811,1097392053.49462
"ICON",1098880977.84024,1212980880.95692
"IDA",1645224418.66024,1873197180.73759
"IDCC",1046181906.23403,2515958889.15
"IDIX",517301404.262782,700719175.46188
"IDTI",811021684.115384,811211926.818461
"IDXX",3417983978.86914,4053891078.25214
"IEX",2522620895.67998,2825916442.35893
"IFF",3614505602.03561,4634858962.46628
"IFSIA",774787130.803656,860205173.913675
"IGT",5171330945.2413,3972719845.31643
"ILMN",5122613730.0857,5634317582.66016
"IM",2528196301.5184,2584584818.25972
"IMAX",1134116414.25059,1090108977.62719
"IMGN",729305376.350326,901806102.483077
"IMO",32361262113.3914,32777699248.047
"IN",674721426.056271,422102521.42105
"INAP",251490097.908773,254797624.885556
"INCY",1666547500.42136,1935876899.82786
"INFA",2746713015.81451,4593761640.21923
"INFN",767184222.058703,838112071.564872
"INFY",32598368887.5879,29189434570.0683
"ING",29603493475.7835,29238931630.1255
"INT",1826021712.41691,2519818417.55845
"INTC",105056370341.881,104532627643.589
"INTU",10494701898.425,13769489554.3602
"IO",798795809.528285,938765985.784356
"IOC",2386213233.46303,2654666538.09038
"IP",9892255094.56085,11208894852.1966
"IPG",3443578629.59466,3416880774.55832
"IPI",1803119955.83355,2256792755.64253
"IR",11147552599.0944,9299361214.39628
"IRC",722221721.990454,674537857.142736
"IRET",814847050.532366,697969867.147863
"IRF",1411702947.93866,1467391785.04868
"IRM",4188530903.55481,5416376971.01659
"ISIL",1670645659.23218,1387109847.92957
"ISIS",940507638.294613,719989473.932735
"ISRG",12941628190.5534,14555123472.1798
"IT",2275626815.25375,3295826561.21435
"ITC",2622867231.77707,3743599159.5173
"ITG",626319060.226495,410623218.709037
"ITMN",605978198.69887,1554705477.12496
"ITRI",2607659907.77137,1401375297.67641
"ITT",4433537324.56724,4104957282.19715
"ITW",21271785595.088,20402607415.6587
"IVZ",8295269375.19813,7630188306.86312
"JACK",949178940.995642,862581098.163675
"JAG",767412937.946654,474618336.719082
"JAH",2187764962.60868,2256976879.75798
"JASO",188943188.844915,112473590.953846
"JAZZ",463462542.77291,2362367848.59921
"JBHT",4011044799.30913,4579646140.49538
"JBL",2694042930.79512,3419858926.89222
"JBLU",1717717822.29514,1192158924.77863
"JCI",19188924018.9275,20370547728.0727
"JCOM",1058343412.9039,1352929504.59615
"JCP",5828254920.337,5889062005.70329
"JDSU",2569388500.66156,2694518987.02949
"JEC",5418997829.74224,4537485200.35086
"JEF",4494458174.64127,2833273703.80409
"JKHY",2048870938.6921,2437815433.64744
"JLL",3192151142.06429,2668584884.98202
"JNJ",166145713918.804,176255852090.513
"JNPR",13328741053.6612,10541280135.0897
"JNS",1996723417.84137,1230466643.7942
"JNY",1410483145.98026,761938259.426309
"JOE",2403176237.34435,1523259956.37106
"JOSB",1641840660.67314,1331219795.1801
"JPM",147288651647.673,127899050415.385
"JRCC",552970785.796461,343705229.844786
"JWN",7627285382.32218,8968458001.07033
"K",19401772564.0484,19088147480.4902
"KBH",1100303787.57035,474008713.833036
"KBR",3119398902.6362,4051607403.99461
"KDN",1204405271.8086,995955110.848738
"KEG",1447374151.77902,1891425779.41664
"KEP",8387801345.04536,6024154992.87459
"KERX",344687685.518807,252951065.704615
"KEX",2181979972.13132,2997024672.57292
"KEY",7365683697.8592,5959041378.80625
"KFN",1419788916.02141,1430130361.15706
"KFY",693182374.947616,706576231.457909
"KGC",19676893052.7066,18354717839.2825
"KIM",5794874004.37697,6565313484.24007
"KKD",238513929.81357,503323580.457018
"KLAC",5002894983.48723,6233817377.64855
"KLIC",513687256.769394,631905618.598718
"KMB",23968888052.7624,26657027497.92
"KMP",22864588545.6351,25123934724.1414
"KMR",6153370867.67667,6711026092.15619
"KMT",2199946243.81062,2692211163.17809
"KMX",4920030775.97543,6066209027.8446
"KND",807879188.081576,604920958.732668
"KNL",660359843.846272,679564360.728061
"KNX",1596628858.53188,1141249324.1975
"KO",232440036980.353,306110771701.191
"KOG",847683288.555913,1470297714.79192
"KR",10637277834.1079,11709592613.3685
"KRC",2375433800.02324,2482520403.74346
"KSS",11761274831.3452,10791166070.2676
"KSU",4091632770.85955,5715765847.48158
"KWK",2041951572.14886,1506136075.5093
"L",12641528902.1036,14157307594.0219
"LAD",200007467.298007,425356651.876831
"LAMR",2744215575.57603,1802396028.31436
"LAZ",3659982095.95301,2930986183.4269
"LBTYA",6548156565.62041,9800753352.03026
"LBTYK",6518386319.90063,9370494722.74974
"LCC",1325743738.3849,900140344.915053
"LDK",722377169.577904,612828614.966145
"LEA",6521760865.75182,4233112927.33816
"LEAP",1252221856.52545,600906345.362779
"LECO",4478080636.54187,2601701079.07
"LEG",3235957614.7665,2896759201.79718
"LEN",3192875440.67883,2667981039.41602
"LF",343235861.743182,219356366.453912
"LFC",118941956632.648,70180623089.2162
"LFL",8746711003.3482,11860172817.2052
"LGF",924183893.598503,943829150.631373
"LH",7198619273.03157,7697186114.43781
"LHO",1894007568.96409,1606043834.83949
"LIFE",8496656997.16772,6693427538.77179
"LII",2178669442.01794,1484022618.34879
"LINC",527146456.451877,210063149.131795
"LINE",4864905219.39505,7278170302.14017
"LINTA",6931504929.92203,8237071727.37667
"LL",770836616.636954,414058600.59122
"LLL",7795860367.37537,6134762533.03037
"LLTC",6406423069.44521,6558378999.68077
"LLY",37048334869.8303,40927237748.677
"LM",4018396777.84763,3500335162.88354
"LMT",25508146753.114,23320082329.3037
"LNC",7215285550.19208,5152792675.98088
"LNG",601154554.613101,1390155759.2722
"LNT",3580635131.58967,4297544795.68198
"LO",9598404109.24517,14160573170.4725
"LOGI",2246059515.3719,1439123764.40273
"LOPE",1110803699.09544,701547877.292308
"LOW",27144523822.4866,22101265250.8938
"LPL",12514824632.1883,6500598487.54723
"LPNT",1711678304.93278,1693458196.5718
"LPS",2882942493.50479,1359973743.24356
"LPSN",364408332.282889,611423290.815042
"LPX",1108874902.78376,826795124.659727
"LRCX",6524296099.56189,6548560857.1889
"LRY",3592813080.55663,3649007774.40399
"LSCC",550794163.259035,632376279.952699
"LSI",2905845399.75901,3490596938.70321
"LSTR",1937922194.14662,1861018448.40872
"LTC",759118412.927049,775373888.691606
"LTD",7170027452.92967,10848172168.3768
"LTM",1479841432.56402,1535020427.99949
"LTXC",141231253.02944,275616006.651624
"LUK",5222012048.81071,6485277190.89169
"LULU",5713445721.07682,7715039696.16001
"LUV",9014957030.99068,6102483278.82176
"LVLT",272985591.449912,368926743.285469
"LVS",18754014052.8163,36155599012.979
"LXK",2361927094.99019,1947554434.23911
"LXP",1066455267.1447,1214654359.93328
"LYG",57963472402.3276,37377151579.6269
"LYV",2237135258.56719,1616374844.33575
"LZB",601239605.873295,414752022.946135
"M",8484508913.83864,10235671653.2807
"MA",25421800585.5802,40501866275.8255
"MAA",2256292766.70099,2737884436.9595
"MAC",5469724916.53838,6231380172.66152
"MAN",3529848398.04766,2944354598.57503
"MANT",1681932663.95508,1256205541.11111
"MAR",10434716152.7826,8839930441.75346
"MAS",4691535349.81426,2836968821.38419
"MASI",1281089098.14269,1308254746.13981
"MAT",7364250218.97598,8858625922.10257
"MBFI",1156957088.20735,852359856.57453
"MBI",1330286561.59502,1431997675.08213
"MBLX",503996514.695273,169525357.724106
"MBT",19051912137.6253,14783618865.137
"MCD",67902269664.8215,87620334988.6468
"MCGC",382954616.244861,311688102.439432
"MCHP",5331449011.46073,6302252055.61538
"MCK",16294462044.9365,17722704652.2322
"MCO",4538640597.41345,6832810296.07746
"MCRL",622297666.857656,567255792.343342
"MCRS",2697867614.43597,3583048802.10479
"MD",2773252853.79041,3114819699.01756
"MDAS",1367558805.57131,602396745.357265
"MDC",1478603665.10082,868046617.271699
"MDCO",407720666.115431,788818706.735897
"MDP",1497425656.90544,1071738912.3317
"MDR",5228533112.96236,3128859904.95036
"MDRX",3217635414.085,2947808768.63727
"MDT",40061045000.901,33595135260.0636
"MDU",3452198037.76464,3778559105.76866
"MDVN",825750422.164073,1278324126.80162
"MED",431765679.039622,227112998.111216
"MELI",2242857551.37054,2777739008.73034
"MENT",992037054.044211,1133045229.78103
"MET",43480016528.8165,34006780997.9955
"MFA",2572469936.73938,2533815540.77892
"MFB",535957992.922571,561589575.65168
"MFC",29856457396.2594,22947028843.9192
"MGA",15975739569.0079,8450189393.08893
"MGLN",1111796055.432,1307555960.02803
"MGM",5962667875.06553,5122024964.78895
"MHK",3774357894.8851,3140208508.64927
"MHP",7826756709.57008,11422229518.0438
"MIG",422609178.834226,450545270.510395
"MIPS",261395174.141796,277094112.529915
"MJN",10027212107.1409,14338048062.703
"MKC",5145859890.22924,6125649299.67596
"MKSI",1023195762.70394,1206307946.87786
"MLHR",1117708225.79093,1091645048.26889
"MLI",738631537.45103,1168915937.68591
"MLM",4209450832.93182,3045970303.75059
"MMC",11747379363.4765,15212660053.6696
"MMM",54795986334.4461,54072160728.6079
"MMP",9784885202.48652,13436079525.1303
"MMR",1638176465.21755,1904748332.20303
"MNKD",1086742334.95549,610871731.435897
"MNRO",1175586923.74759,1128441155.6941
"MNTA",644525903.33525,749111196.522564
"MO",41610278348.0534,53252843056.7106
"MOD",520406053.188874,490308768.931539
"MOLX",3661980686.3937,3680203993.08504
"MON",27751384063.1989,36109532826.2883
"MOS",19223240925.4694,26838128110.6522
"MOVE",79151118.5945587,61234063.8709523
"MPEL",2165773184.81624,6297394343.01529
"MPW",1250172789.07363,1321682254.23229
"MPWR",683474729.916429,414002085.082393
"MR",3485962411.54718,2853465015.38103
"MRH",851578071.970664,938476953.819571
"MRK",100635706831.647,97017743444.9255
"MRO",22144124645.5,17421766902.0863
"MRVL",9895635921.2963,7416807088.97435
"MS",52025850529.2023,31303200144.37
"MSCC",1400169570.74158,1486340500.20855
"MSFT",222553450695.158,216293568255.041
"MSM",3212565763.04323,3683180561.24224
"MT",45624525003.5612,30003159647.1356
"MTB",10258380614.7905,9339864053.87269
"MTD",3454478111.23235,4471320206.67034
"MTG",1698354639.58499,457305572.761083
"MTH",729571595.463736,593985410.202098
"MTL",8613778261.14621,6387994904.92169
"MTN",1457555629.09662,1382174817.63093
"MTU",68086210267.0553,62281775943.1716
"MTW",1509613929.29519,1202881382.46272
"MTX",1825108812.59764,1881226595.75845
"MTZ",864387769.995135,1451918295.7518
"MU",8979140802.48955,6008272746.41023
"MUR",10133778201.9094,9677095792.44442
"MW",1063701435.2354,1391681339.4945
"MWA",658511830.275168,364358270.691916
"MWE",3401587413.48932,5415996058.15052
"MWV",4111162718.17464,4595441223.92049
"MWW",1682782062.26574,962737425.421777
"MXIM",5128976324.90996,6782877816.10187
"MYGN",1488309369.37825,1562450980.25641
"MYL",7816758245.19303,7655498490.67181
"N",1012004607.42457,2217605877.68632
"NAK",680516409.898585,797102521.230181
"NANO",248471897.887825,360494089.6
"NAT",1503388440.90879,868544845.763363
"NATI",3835879547.49159,2951104063.15386
"NAV",4234000242.3969,3012901370.66237
"NBL",10929955623.354,14428215612.9268
"NBR",5491654648.41304,4853606776.60297
"NCI",604317309.81163,493612538.589881
"NCMI",952942994.822661,763988185.442222
"NCR",2027379359.54847,2728666781.22901
"NCT",489865946.658031,819790650.972643
"NDAQ",3075391675.38631,3848906706.63488
"NDSN",4195868088.30668,2692854707.6841
"NE",7596122723.5923,7991743937.36795
"NEM",27139845927.6604,30837154724.5263
"NFG",4010273401.7294,4707042976.59212
"NFLX",5926751175.77919,10198420673.2955
"NFP",522252829.637914,461315231.504993
"NFX",6687384270.09281,6244741975.59588
"NG",2005024795.94735,2428528334.19326
"NGD",2785637342.69461,5641821187.35362
"NGG",29868282948.4969,35920085473.7701
"NGLS",2021695952.35916,2994854667.03663
"NI",4609757633.61757,6484288301.51667
"NIHD",6247031402.13799,5816285561.71068
"NILE",607319909.156301,450583507.799145
"NJR",1483560794.05764,1846628361.91047
"NKE",64437125684.2591,76894953428.3069
"NKTR",1395760861.36282,598818843.310769
"NLY",16208868254.3927,16901921464.211
"NNN",2382517070.36676,2833697656.87127
"NOC",14812181174.4757,12933941568.9825
"NOG",848787369.875029,1222529592.39194
"NOK",36896886374.1445,21582286928.4849
"NOV",15681580973.4891,26479518941.2439
"NPBC",1034125033.10809,1045635960.76923
"NPO",638033580.853309,721965169.680592
"NPSP",571757935.926559,603216050.897008
"NR",539591502.90401,636812612.401077
"NRF",419412172.592835,470522356.837144
"NRG",5137270216.74469,5023870666.9443
"NRGY",4472669540.09108,3341894764.8551
"NSC",17477794904.3125,20726768131.8861
"NSR",1414025668.74236,1652474199.60734
"NTAP",12840636870.6296,13462359415.6134
"NTCT",555369872.235093,522497610.254701
"NTES",4009348869.50632,5877147819.83077
"NTGR",862479973.590004,1057456971.18256
"NTRI",597577747.431446,333344269.476923
"NTRS",12183771324.1689,8779707198.30769
"NTT",50065189811.2834,57814388768.2678
"NU",8134834426.74813,10433724067.6991
"NUAN",5073667429.21225,5857326067.37898
"NUE",13557419636.4821,10675731037.7679
"NUS",1620210969.30084,2387891648.64826
"NUVA",1726692613.5244,908010039.169231
"NVDA",7755660051.94799,8483950398.36795
"NVE",2800726628.56738,3376870896.27895
"NVO",42036554732.2326,56039637185.073
"NVS",110007347152.84,135717778841.003
"NWE",990146481.628033,1198324007.83983
"NWL",4710647602.56697,3654929377.18298
"NWS",35686056277.7778,38289944419.9999
"NWSA",30583151222.2223,37886695560
"NX",692239410.219748,428268617.876708
"NXTM",780019895.670245,1125069277.33923
"NXY",11388750427.891,9899168052.58143
"NYT",1319690680.74604,1031975953.96998
"NYX",6835250850.91828,6357320104.40967
"O",4106205988.1771,4372387576.63373
"OC",3801249076.68071,3015869063.6497
"OCN",1529521075.91965,1746367951.74603
"OCR",2746703357.51237,3023767219.27811
"ODFL",3043567327.51723,2654522270.01026
"ODP",1633835357.00049,678671456.595785
"OEH",988655195.281113,764268082.451457
"OFC",3028262559.20797,1971276331.84392
"OGE",3568024144.87474,4705680138.24082
"OHI",2153087208.12461,1907172132.71817
"OI",4846652552.24792,2846310037.40039
"OII",5233545075.35815,4172834518.07882
"OIS",2172525606.95599,3337270824.75713
"OKE",9010152864.44006,13749650825.6056
"OKS",13020872231.0399,9533914739.30958
"OLN",1492568381.30808,1516912589.95366
"OMC",10047506211.6181,10355379510.026
"OMEX",90597457.2165953,196537525.999621
"OMG",930024364.080185,918590964.623348
"OMI",1887967083.09622,1823012319.2746
"OMN",350874012.858799,203399985.070573
"OMX",1451717147.89743,475628468.099532
"ONB",1175726692.16233,972717230.25247
"ONNN",3223033387.14972,3303499406.22539
"ONXX",1551008592.36178,2122397398.82521
"ORA",1268372173.206,749547107.402359
"ORB",943796288.339008,826311878.269327
"ORCL",106281140430.326,132700975809.487
"ORI",3433509595.22189,2407123423.46988
"ORLY",5655689092.97761,7498251224.09847
"OSK",3204524523.29604,1638026764.01896
"OTEX",2439901669.96572,3147069475.59769
"OVTI",979842315.076558,1040706203.27385
"OXY",65019336792.8852,65728434612.4251
"OZM",2142376847.86944,1473634966.43578
"PAA",19039510966.6631,19998774122.9346
"PAAS",3837196616.25926,4597855729.38667
"PACW",733291233.542078,552114330.851282
"PAG",1159894813.82319,1576159143.71517
"PAL",583040657.199229,567207486.746282
"PANL",732000938.327464,2077747124.04932
"PAY",2007342267.21949,3878923247.26349
"PAYX",10479144359.3862,9664201186.00103
"PBCT",4772740530.00713,3878577281.06581
"PBH",378432546.364103,484500011.081588
"PBI",4484665260.23467,3888368158.57655
"PBR",232742814967.253,170296397907.432
"PBY",598719059.633833,512613836.148871
"PCAR",14411861241.8797,12811320387.6738
"PCG",17793468721.3607,17796492170.3964
"PCH",1406260191.38122,1301587182.95598
"PCL",5657565536.76443,5788903864.78588
"PCLN",9389461686.72649,24988300790.8769
"PCP",16644214621.9343,22806727741.6337
"PCS",3151423006.6114,3567784506.57106
"PDC",167902805.545795,313198006.922391
"PDCO",3073254347.68226,2937453143.02564
"PDLI",759433804.459959,798683964.913333
"PDS",1800543892.06684,3250483892.43216
"PEG",15652870199.9857,16502550848.0138
"PEGA",1122079230.61311,1371444897.43
"PEI",765579756.579169,523972549.029609
"PENN",1966650081.09504,2795498867.10769
"PEP",98344452667.4453,96419030803.4191
"PETM",3413562810.14568,4517331782.56889
"PFE",111866705587.844,133436454131.037
"PFG",7859520193.83574,6969038545.32176
"PFS",688346727.853425,673044949.529688
"PG",168469596187.504,170561465316.667
"PGH",4719140267.03134,5222597515.0902
"PGR",11823154052.3497,10960997040.5539
"PH",9097711395.40879,10035238542.0391
"PHG",27422924503.9539,17678382200.0908
"PHH",1190524574.30675,956698305.467795
"PHM",4089308681.52344,1672104146.54479
"PII",4003549617.1782,5486289676.97215
"PIR",796924399.673791,1092146721.86655
"PKD",540926036.383414,613561562.225307
"PKG",2081362392.01492,2351189844.05966
"PKI",2556062662.87624,2382350202.02622
"PKX",7235906945.0399,6845265489.89869
"PL",1655988469.82717,1355221421.66829
"PLAB",291004706.389576,362038603.494017
"PLCE",1079469553.8175,1024259779.05461
"PLCM",5283650098.0423,3849851032.75526
"PLD",5095465361.09791,12087775991.9681
"PLL",3801838224.57397,5039994884.09833
"PLT",1240113378.9461,1285283297.94364
"PLXS",1171671593.32903,883555094.374018
"PM",74536352200.3799,111802258021.867
"PMC",478761980.522695,395752661.556058
"PMCS",1669136240.51019,1261833727.78137
"PMTC",1986249642.72257,2013346858.53436
"PNC",32571282328.7245,25459249753.9147
"PNK",699552514.376886,663093210.918918
"PNM",972118905.106783,1205154566.42323
"PNR",6980784547.05474,6917039561.21522
"PNRA",2310216784.40266,3183439946.51137
"PNW",3879105814.86748,4671286672.69603
"PNY",1854159170.72108,2120263605.24403
"PODD",690161772.983659,791707361.424957
"POL",860482998.20629,1040301765.92388
"POM",3653124262.07532,4290120007.41257
"POOL",1119172926.03384,1210404777.01981
"POR",1421831316.51256,1771797641.77837
"POT",84238991076.4633,45044102117.5568
"POWI",949811403.536714,924122028.938889
"PPG",9690677533.0124,11343635566.255
"PPL",14781210230.2686,16213662210.4299
"PPO",925455627.561476,2755127433.40962
"PPS",1323152600.08806,2127245020.13897
"PQ",403170730.276681,435359123.000848
"PRE",4456201792.69536,3435378009.85205
"PRGO",5457392290.26003,8644698048.56889
"PRGS",2023321345.61437,1230343136.45624
"PRU",26508448756.6951,22433500575.8456
"PRXL",1282742247.38458,1155190026.82256
"PSA",15530818548.9299,19980413726.5761
"PSEC",2138120366.4666,1795278771.1288
"PSS",1016263046.61582,610452354.984895
"PSSI",1134127883.99003,1074080616.8197
"PTEN",2000320443.80678,3249291463.19222
"PTP",1198401119.15282,995347480.755324
"PTR",190156795336.013,217665243781.554
"PTRY",342567404.893428,293119501.965299
"PUK",19697955009.9742,23877517123.477
"PVA",1003491086.23863,344902452.038151
"PVH",3777034311.37643,4385354434.55533
"PVTB",1004179302.71923,645260172.752137
"PWAV",50597945.382003,51259614.153077
"PWE",9114214275.66666,8308243512.68332
"PWER",883930071.477437,772823135.26376
"PWR",4465083504.81023,3883659940.99469
"PWRD",1219030592.81381,787583088.721197
"PX",22750765036.2775,28610049449.1599
"PXD",7646449300.48815,9052765769.97777
"PXP",2844094824.11092,3575524937.84493
"QCOM",60746349349.4776,85746703858.9745
"QCOR",560080028.122267,1691426713.52308
"QGEN",4944694806.31624,3396319202.55795
"QLGC",1659100606.22609,1246644523.04957
"QSII",3467893087.5392,5267248246.83128
"QTM",569257342.478114,469347010.751961
"R",2228086686.95092,2190299772.00268
"RAD",1027497947.09568,936360024.547924
"RAH",3316481038.91373,4391391663.90932
"RAI",29209069670.0973,20501865905.3842
"RAS",114873794.032933,185374729.306834
"RAX",2278260859.98988,4847013504.88867
"RBA",2163790549.1569,2291589154.1509
"RBC",2498172590.42881,2200739895.5879
"RBCN",592932841.340623,271910633.642906
"RBN",931070194.848719,1780970953.19672
"RBS",41964417022.1264,24623316183.8146
"RCI",17802781634.0328,18871176699.5489
"RCII",1391557912.77891,1571312066.94735
"RCL",6285112296.3486,5215240979.79361
"RDC",2968813891.14503,4182356341.34797
"RDN",1213477684.44438,342649907.738368
"RE",3758200866.17764,4083545767.98921
"RECN",641201364.972646,407350494.145299
"REG",3243846209.55941,3399193351.72234
"REGN",2623180167.12328,5664641251.8482
"RES",2506894394.20715,4673915306.80523
"REXX",560498895.303599,659726099.194017
"RF",10507423091.3341,5638019098.06746
"RFMD",1321559903.75457,1732358376.77778
"RGA",3431423630.25614,3671723331.68281
"RGC",2272985446.05306,1948711976.8802
"RGLD",3246645585.27838,4665802438.83923
"RGR",302581270.57473,567052141.795329
"RGS",1018210702.22704,806492507.616721
"RHI",3441409283.22118,3086603686.35083
"RHT",5648630236.60056,7562866857.78284
"RIG",19691006484.3168,18981036650.2184
"RIGL",602338970.588195,647574462.282051
"RIMM",31363174613.9926,13249444244.0625
"RJET",277857114.739094,149658379.890769
"RJF",3648668959.31395,3509150633.5075
"RKT",3515677483.69026,3596897470.15253
"RL",7741038649.19852,12424869166.0915
"RMBS",2545266812.28079,1396942587.98769
"RMD",9117133781.71381,4153065826.30207
"RNR",2644012250.84901,3068939507.52319
"ROC",1931987263.62915,3501095193.42269
"ROK",7447664546.49609,8222037057.07069
"ROL",3098545738.50773,2779576243.12963
"ROP",5682379147.9331,7082841156.42461
"ROSE",1155403840.09939,2218253107.04615
"ROST",11891579804.3406,16947343546.9092
"RPM",2541915907.43815,2534990861.66936
"RRC",7297791511.47775,9741949940.13169
"RRD",3348951276.9302,2600902248.98974
"RRGB",294244474.193596,402063134.814103
"RS",3349286136.03627,2899169598.5174
"RSG",10603541936.9067,10270661670.773
"RSH",2043030277.53858,1223135132.8579
"RSO",543011156.828555,519838872.694239
"RT",656431270.524135,484946203.228222
"RTI",758668935.136476,739171843.374985
"RTN",17419126528.9335,13534453768.2921
"RVBD",4225251563.87421,3488332074.15658
"RWT",1200970522.76438,976716877.631886
"RY",77381438119.6581,69754932130.5198
"RYAAY",6988685631.06252,7423627296.33915
"RYL",808649949.893724,488012721.864598
"RYN",5417597724.47651,5514450320.76261
"S",14288239293.9272,9767649589.7436
"SA",1413670740.89208,1154320471.48611
"SAFM",1238737208.09142,978435154.94547
"SAH",532369570.288518,710070311.792692
"SAI",5925602112.78753,4523738175.3452
"SAN",587879358533.871,762113083399.426
"SANM",1170605613.85953,622535080.073846
"SAP",51238244826.1991,61674347840.0951
"SAPE",1384843806.44713,1450485080
"SBAC",4144053725.54851,4527118933.93128
"SBGI",513639756.617783,624546624.484103
"SBH",1629529450.65698,2996751933.27398
"SBNY",1773452451.77355,2425546751.71333
"SBS",4235633663.48151,5909080118.92875
"SBUX",19275916200.9877,28364076509.0222
"SCG",4771361716.10233,5169334091.92931
"SCHN",1201486422.06557,1063672600.48342
"SCHW",21014446986.9487,15306406239.2934
"SCI",1765447495.39984,2036633939.55543
"SCS",979263150.892187,905387237.226279
"SCSS",556908339.168694,826101917.94359
"SD",3014250447.86988,3277350159.92926
"SE",13055224718.3912,16380261594.431
"SEE",4038245804.51559,3463980828.43461
"SEIC",3648271986.4711,2796041359.76666
"SF",2693452640.82888,1519258294.34403
"SFD",2383406873.19114,2780341227.08202
"SFG",1873051239.87046,1259199041.42758
"SFI",479122634.452618,528219088.562985
"SFL",1400697804.49482,1071306260.20229
"SFLY",823138664.771258,1724026062.55385
"SFY",1210535342.93668,1244815709.27994
"SGEN",1513936152.98199,2075330077.78128
"SGMO",238742124.408521,250942955.380086
"SGMS",873806050.945541,675483784.04718
"SGY",627999874.487053,1079323054.24151
"SHFL",470135688.415478,472736649.591795
"SHLD",9331617353.23124,6280435688.72701
"SHO",1453998549.1536,783290386.050706
"SHOO",1514932072.41736,1553632045.80761
"SHW",7728141140.17367,7571203247.83073
"SI",76547329015.4627,83743567332.3357
"SIAL",6286901467.59465,7471792781.10632
"SID",21122182276.5183,13010601713.7567
"SIG",2466046904.02314,2892656624.3378
"SIGA",358006823.085013,240556598.595214
"SIGI",838075541.668559,774499489.82906
"SIMG",292438817.099715,467794592.657692
"SINA",2405660326.90086,6201130111.97437
"SIRO",1906634470.7745,2395878199.33915
"SIVB",1963928902.0057,1896922307.65717
"SJM",6078198202.7702,7841826971.85948
"SKM",9952343560.28158,9364237997.24553
"SKS",1282677789.09026,1357818458.7675
"SKT",3747008230.36998,2453977327.74385
"SKX",1839936090.60196,771809830.62728
"SKYW",722221603.979939,630018279.565983
"SLAB",1859679974.32099,1412182824.17778
"SLB",77398176050.8074,94560488786.0559
"SLF",16878059048.6577,15102536479.4947
"SLG",5385148200.83143,5971088554.79557
"SLGN",1972194730.14412,2540873178.30427
"SLH",2410314636.38489,3687139666.14027
"SLM",5073827129.66806,6094193742.13549
"SLT",11520146425.3849,9114038502.67777
"SLW",6674798962.88201,12779623862.8327
"SLXP",2113071506.55069,1753639133.3959
"SM",2797943705.52271,4727391277.98896
"SMG",2759425773.83231,2805951809.07585
"SMTC",1157107481.89705,1442650118.70225
"SNA",2521685844.09495,2829980656.36987
"SNDK",10547630795.6068,9522284439.22336
"SNE",30218114602.2061,20383332738.1025
"SNH",3616345531.44354,3911963739.56295
"SNI",6717382396.18082,6049174205.75613
"SNP",66570728525.5654,80823371345.4818
"SNPS",3247671283.06384,3701063450.33523
"SNV",2170242718.94206,1022583209.42068
"SNY",77954130064.0821,89879332073.7839
"SO",28903220918.0763,35997402933.8112
"SOHU",1669346938.65154,2594980418.09282
"SOL",492959837.881624,241380309.880813
"SON",3101634540.03058,3006818332.28706
"SONC",605588218.875777,479232768.47564
"SONS",698559163.105136,651176874.65171
"SPF",996605051.974902,512586884.943394
"SPG",25922700769.8237,35155613903.0193
"SPIL",3399799664.31527,2809236778.90103
"SPLS",14482604703.6385,9411855841.58187
"SPN",3388572111.72998,4996574879.31118
"SPPI",243022618.567441,496038851.588889
"SPR",2759626663.33965,2282420541.69036
"SPRD",448938749.302944,846776265.000112
"SPW",2977311738.5196,2613718927.00596
"SQM",8723418177.45615,14647247939.9887
"SQNM",701632555.589615,634913574.188204
"SRCL",5009536374.55224,7012560956.81436
"SRE",11116326341.7104,12196560552.2489
"SRZ",238284736.359037,345780862.85253
"SSD",1386453801.41505,1272873435.14084
"SSI",434109476.881681,471899189.559313
"SSL",22747080831.3232,27926688198.8907
"SSP",454783595.221832,409104345.407692
"SSRI",1444142179.27351,1987519657.98077
"SSYS",511402898.422309,495880143.019231
"STE",1848750656.72502,1746411233.04949
"STEC",559463088.359059,451896000.683333
"STEI",503315295.61949,495973478.422564
"STI",14170099530.5964,10028299732.8319
"STJ",11482364671.5461,12758302530.3063
"STLD",3126452952.06379,2547595354.27384
"STM",7035156845.07149,5798934366.62962
"STO",64675679453.3025,71280223367.3085
"STP",1716500128.61047,762282605.265805
"STR",7860129797.08876,3174394722.52795
"STRA",2777958071.15793,1029274696.56
"STT",17914725070.0475,15591827438.2923
"STX",5910709724.55736,4208380436.36436
"STZ",3012988881.67527,3442865468.8573
"SU",46285115334.8578,45070534596.5068
"SUSQ",1650947953.95617,1138752048.3653
"SVM",1210301831.02417,1380721459.3966
"SVNT",854853879.116559,290449847.156239
"SVU",2792969412.10124,1548022763.26422
"SWC",1489692569.42778,1435325446.28529
"SWK",9419666836.53125,9545800655.53872
"SWKS",2997568425.97773,3970211782.18598
"SWN",13657442563.5703,12808652641.1205
"SWX",1374618956.937,1658273571.40692
"SWY",5319118299.58216,4219367927.86087
"SXT",1365962529.66365,1689511373.09279
"SYK",20142243217.6401,18171901896.136
"SYKE",737914774.03574,638188397.723932
"SYMC",10134977717.1153,11574799030.4308
"SYNA",945157513.648599,810234340.416923
"SYT",20660266750.767,26443245454.1623
"SYY",17520170032.0533,15928056788.6465
"T",140691587726.497,161876967002.006
"TAL",763591996.516525,893295299.339406
"TAP",7596745320.39295,7604842099.83551
"TASR",228238598.927991,219069907.756923
"TBI",523968953.135056,482706047.466418
"TC",1568460838.01008,1247978958.91757
"TCB",2588148155.35427,1586231886.25737
"TCK",18875365278.1094,22312822916.471
"TCO",2450515403.28067,3353056158.72589
"TD",62130778532.7406,67873674270.4826
"TDC",5341602684.13866,8792283207.83915
"TDG",2687791221.45899,4446047717.70759
"TDS",3489513678.81814,2496672857.82404
"TDW",2104804843.80787,2440873204.29847
"TDY",1448732592.11236,1869437102.33034
"TE",3325729321.21375,3787444788.03976
"TECD",1512197445.41046,1686481692.29128
"TEF",253055077323.602,88051836965.2343
"TEG",3532879403.30101,3765527095.30611
"TEL",11881182553.1991,12453353541.7093
"TEN",1308885901.91954,1806512020.35733
"TER",2011843535.89278,2216887830.62989
"TEVA",47116364194.5871,33433815271.5898
"TEX",2354992303.67644,1532850458.48862
"TFSL",3964210009.91983,2575648683.79897
"TGB",962496229.730087,634003726.595394
"TGI",3331449618.30021,2438832631.76647
"TGT",35090549122.2116,32736445517.967
"THC",560226209.690741,498128085.98219
"THG",1930573763.72291,1544257841.17836
"THI",5093843037.44395,7167306902.37344
"THO",1571613651.07484,1129919825.20687
"THOR",2509765035.58025,1899260536.26612
"THRX",1348964136.68234,1905689519.62308
"THS",1675086640.03783,2035122597.74801
"TI",22309867662.3563,21983758548.2717
"TIBX",1831017029.29119,3555643227.9538
"TIE",2970547488.07597,2609061718.55858
"TIF",5508918859.72046,8602761077.16415
"TIVO",1098781719.64385,1186534672.97222
"TJX",32685571343.3167,39838997167.6978
"TK",1741028049.83135,1687867136.98276
"TKC",11635971566.2322,10017226484.2276
"TKR",2741396552.29187,3425831434.36898
"TLAB",2991912487.31921,1511721462.04256
"TLK",15870382413.453,16170080861.8502
"TLM",17231178275.7265,15171413733.4263
"TM",115251526105.22,111577388841.497
"TMK",4811053803.91869,3424513906.17632
"TMO",18433178560.9549,18899856968.0808
"TOL",3416394060.49573,2662442818.33796
"TOT",104784106639.126,104414691866.934
"TPX",1899120351.74897,3434804508.26566
"TQNT",1112667444.06539,1077517411.64957
"TRAK",697119501.626631,747058245.579573
"TRI",29333018626.524,24317424275.1808
"TRLG",678796267.722191,748521163.233846
"TRMB",3644428822.91734,4491884637.62496
"TRMK",1429183377.83333,1280159028.78231
"TRN",1658961201.92448,1910116179.03666
"TROW",12672216584.2012,12778581512.1417
"TRP",23543366022.6026,29067376842.3741
"TRST",583234779.930499,412799345.670085
"TRV",18758983829.309,18956275405.5053
"TRW",3590971096.90563,4699310296.85942
"TS",21402076803.8103,17877987643.4102
"TSCO",4660700115.26637,4390343626.14974
"TSL",1211860390.45126,792030712.312817
"TSM",50455460364.5181,60703706285.2011
"TSN",6266778814.15084,6130809776.71317
"TSO",1638189657.28517,3029354454.93817
"TSRA",929454449.273841,693236673.660855
"TSS",2719266196.87464,3266098216.69068
"TSU",12678554246.7442,13378650231.3679
"TTEK",1410503780.7167,1223503133.44
"TTI",780111523.425647,722697517.246796
"TTM",10588359192.314,10456230911.8641
"TTMI",859214352.376387,858891351.205934
"TTWO",988063080.790821,1154009426.73203
"TUP",2292507690.54449,3311253338.75811
"TV",10484944365.93,11233612350.6913
"TWC",15953941848.8645,19514884121.394
"TWGP",823628087.524315,868470221.19812
"TWI",493219072.855506,903481781.618274
"TWTC",2593747570.75846,2661529265.2859
"TWX",28854431821.5439,28776078756.6085
"TX",6483614795.9739,4477201758.96105
"TXI",979988291.959113,954467165.318333
"TXN",27370673724.2438,30201440530.9189
"TXRH",1011927526.48362,974680372.145642
"TXT",5688256409.97675,4774666697.01041
"TYC",16970354958.9231,19244292105.352
"TYL",499499507.479029,759291395.003872
"UA",3395189067.0745,7130768983.70703
"UAM",1206469472.62729,873967860.847574
"UBS",49565556127.0585,48242905158.2512
"UBSI",1363650036.49516,1062578599.84205
"UDR",4910069651.83254,6065659389.04735
"UFS",2093447639.12802,2615986216.58256
"UGI",2903789957.03328,3131644123.33424
"UHS",4082044031.35085,3608838885.66112
"UIL",1329363804.0836,1648568920.59665
"UIS",973640304.79171,741055099.350874
"UL",76679178138.316,90770516625.6744
"ULTA",1489573659.96082,3923888189.26581
"UMC",7991194796.3944,4900484991.32888
"UMPQ",1403013999.68322,1056226386.84308
"UN",77511689247.4894,91022968152.6191
"UNFI",1589115566.09074,1893395797.15282
"UNH",30372505975.352,47071959197.1116
"UNM",6182477975.94104,6124215629.30649
"UNP",33319119743.7066,41559028488.95
"UNS",1322708556.22768,1579256905.01412
"UNT",1982020141.46052,2146412228.21786
"UNTD",606767101.469663,487326197.352136
"UPL",7084746193.78979,5015251494.8579
"UPS",59325300764.0972,61845481669.3014
"URBN",5283522605.0629,3693421650.75726
"URI",1115776042.50009,1566563173.01326
"URS",3403075114.70487,2505337787.16564
"USB",44526983860.3988,43098347559.7032
"USG",1859671321.21692,864473231.200118
"USTR",2266508652.75042,1161458350.68323
"USU",591304538.86726,239462340.088754
"UTHR",2633554154.93628,2200864438.47863
"UTIW",1472444457.14813,1410840342.52077
"UTX",61251743936.8498,65850316736.251
"UVV",1028857224.82122,898476663.485818
"V",49138604689.0026,57883559433.5613
"VAL",2788515506.39487,2801794663.00561
"VAR",5501149577.26224,5902241926.47762
"VCI",1349476780.47745,861475205.036203
"VCLK",839165417.538462,1164704522.99385
"VE",12904074041.4365,7703014650.56297
"VECO",1458003084.11042,1226270304.18872
"VFC",8505684478.02268,12987341183.8011
"VG",430722619.761674,662682211.477766
"VGR",1392518228.61694,1564040873.23972
"VIP",24995975704.3039,17019342958.0266
"VIV",30032595653.3276,31782893184.3902
"VIVO",733689624.792771,721513430.218034
"VLO",9927731620.18205,11404879416.9462
"VLTR",561209220.08808,526229739.316666
"VLY",2820789202.81689,2186425659.66172
"VMC",6436315193.51348,4079268206.65363
"VMED",4246287068.08033,6570246030.44958
"VMW",27490559094.7189,37378824818.2287
"VNO",14064789773.4442,14919673467.9966
"VOD",96745119920.2279,129601277075.897
"VOLC",1215279180.05205,1550787851.49915
"VPHM",796973038.665225,1203078392.01333
"VPRT",1571390789.92665,950063937.893846
"VRSN",4296335747.46392,4613845440.16308
"VRTX",7574493304.30437,9921263274.16401
"VRX",13897190515.2845,12099823092.2944
"VSAT",1419894590.84881,1533813568.22077
"VSH",1268971864.4202,1470635016.24335
"VTR",13687198584.566,14765462397.1955
"VVC",1881696269.97365,2186933133.85933
"VVUS",1226322310.55484,794965570.184872
"VZ",78922051682.6815,101729677576.05
"WAB",2069514070.76965,2706692024.36625
"WAG",30558619989.0571,33091297386.9231
"WAL",636580768.378046,462833698.948973
"WAT",5861743454.66587,6702161209.53333
"WBC",1883758087.8591,2815730019.30598
"WBMD",2224874596.82827,1582837641.23231
"WBS",1642686816.78568,1465499103.40102
"WBSN",769065998.044048,692090851.98718
"WCC",1595228150.51911,1715106130.07312
"WCG",1174858916.47244,1793928985.27566
"WCN",4307108754.77736,4051750838.47565
"WCRX",5814879224.70179,4001894572.24615
"WDC",8590899183.72285,6906528323.26582
"WDR",2344900510.55949,2442608610.96888
"WEC",11275604708.2886,7091830531.20974
"WEN",1732719661.9367,1884296600.02857
"WERN",1640046318.7695,1609615058.05607
"WFC",152002957496.677,129326726373.396
"WFR",2525528341.26157,1440153993.69686
"WFT",10682266231.5742,11728515396.6389
"WG",452337723.638746,266476489.37666
"WGL",1760552772.03277,2030417736.05122
"WGO",349206650.179348,200854607.119317
"WHR",7759772427.51925,4380463406.51638
"WIN",6297753003.56786,7073398250.41844
"WIT",50627279999.4253,23780082473.2433
"WLK",1368915110.60144,2667912655.80469
"WLL",9593298135.19446,5041143313.43151
"WLP",15921578994.3181,19199817973.3036
"WLT",4444727608.9566,4664188143.73759
"WMB",12324600908.0867,16358181046.039
"WMGI",650321841.856647,616796216.803846
"WMS",2483315742.5259,1094340391.82837
"WMT",172167542209.725,174406983127.651
"WNC",503812886.047198,363828180.71335
"WNR",450357488.488123,1373633580.02516
"WOOF",2277967398.17545,1483290609.75342
"WOR",978890712.998675,1064231610.28411
"WPI",5524564520.50504,8467362090.00119
"WPP",412501531.187331,318532504.704566
"WPRT",881123805.408832,1451411507.73282
"WPZ",13481247497.9747,18893280002.8385
"WR",2784006475.05197,3251128615.70553
"WRB",3664164909.30246,3997889935.33685
"WRC",1683940614.45724,1997495675.35881
"WRE",1897580215.92492,1923771037.18538
"WRI",2463997849.06736,2697247497.55707
"WSH",5300302338.71188,6226295303.29298
"WSM",2798221503.6755,3112701893.97494
"WSO",1808017324.57642,1796528770.39987
"WTFC",1303016841.28395,1042520452.70017
"WTI",691134754.128534,1348673126.4128
"WTR",2410258965.44106,2994091244.07291
"WTS",1119716893.33595,956082271.711151
"WTSLA",362701309.527035,413965112.464872
"WTW",1509138828.58857,3309392379.65027
"WU",9468483912.67553,9669718403.38744
"WWW",1384678121.33414,1737005282.05753
"WX",1221064877.51817,886627813.207119
"WXS",1211228171.89541,1576384521.07717
"WY",22621013571.7813,9041467180.87585
"WYN",3211665379.05334,4182188935.90689
"WYNN",8002127885.33192,14016139655.8933
"X",6590633253.82436,3866186533.27141
"XCO",3587591083.21313,2644475611.2793
"XEC",6192595716.04592,5485829913.11505
"XEL",10037482122.794,11749767864.5533
"XIDE",366618889.209269,377658000.793416
"XL",5190121655.47321,5837997429.93538
"XLNX",6338410832.72746,7761023369.57915
"XNPT",421344743.46272,283084541.070769
"XOM",277772345652.42,331812494373.334
"XRAY",4620837512.57692,4667708840.91308
"XRX",11643306028.0152,9763567059.85579
"XTXI",310657570.1834,572036434.757521
"XXIA",714702700.698937,600064068.874017
"YGE",1428095205.98861,745679166.536103
"YHOO",18163117334.283,16276198707.3505
"YUM",18409390958.4782,23301463953.1224
"YZC",10633679549.4045,12978481845.1079
"ZBRA",1383458102.06823,1669776889.72222
"ZINC",421881543.747681,395613900.294872
"ZION",4364014922.25143,3002180010.91256
"ZIOP",410025534.508315,380568404.118804
"ZLC",83889521.4271303,122025300.679194
"ZMH",9613292195.41506,9404427616.77294
